{
  "token_acc": 0.9984532137,
  "tag_acc": 0.9885385421,
  "pos_acc": 0.9885385421,
  "morph_acc": 0.9713433645,
  "lemma_acc": 2.15267e-05,
  "dep_uas": 0.9591304518,
  "dep_las": 0.9471152904,
  "ents_p": 0.9452928344,
  "ents_r": 0.9481568759,
  "ents_f": 0.9467226891,
  "sents_p": 0.99847793,
  "sents_r": 0.99847793,
  "sents_f": 0.99847793,
  "speed": 3991.5399407371,
  "morph_per_feat": {
    "Animacy": {
      "p": 0.9866545433,
      "r": 0.9778210569,
      "f": 0.9822179397
    },
    "Case": {
      "p": 0.9762337983,
      "r": 0.9696557264,
      "f": 0.9729336438
    },
    "Gender": {
      "p": 0.9870507752,
      "r": 0.9808418125,
      "f": 0.9839364988
    },
    "Number": {
      "p": 0.995054008,
      "r": 0.9889818059,
      "f": 0.9920086148
    },
    "Degree": {
      "p": 0.981686106,
      "r": 0.9851129363,
      "f": 0.9833965358
    },
    "Aspect": {
      "p": 0.9837700607,
      "r": 0.9752808989,
      "f": 0.9795070868
    },
    "Mood": {
      "p": 0.9980143956,
      "r": 0.9970245475,
      "f": 0.997519226
    },
    "Tense": {
      "p": 0.9902540176,
      "r": 0.9809983566,
      "f": 0.985604458
    },
    "VerbForm": {
      "p": 0.9943784568,
      "r": 0.9857977528,
      "f": 0.9900695134
    },
    "Voice": {
      "p": 0.9891195938,
      "r": 0.9805842697,
      "f": 0.9848334387
    },
    "StyleVariant": {
      "p": 0.9891732283,
      "r": 0.9911242604,
      "f": 0.9901477833
    },
    "Polarity": {
      "p": 1.0,
      "r": 1.0,
      "f": 1.0
    },
    "Person": {
      "p": 0.9986379115,
      "r": 0.9923302504,
      "f": 0.9954740892
    },
    "Foreign": {
      "p": 0.9717898833,
      "r": 0.8641868512,
      "f": 0.9148351648
    },
    "Hyph": {
      "p": 0.0,
      "r": 0.0,
      "f": 0.0
    }
  },
  "dep_las_per_type": {
    "case": {
      "p": 0.9893466579,
      "r": 0.9860001879,
      "f": 0.9876705882
    },
    "parataxis": {
      "p": 0.8855622089,
      "r": 0.860931436,
      "f": 0.8730731387
    },
    "nmod": {
      "p": 0.9225848322,
      "r": 0.9242128727,
      "f": 0.9233981348
    },
    "advmod": {
      "p": 0.9559726962,
      "r": 0.9466035823,
      "f": 0.9512650705
    },
    "obl": {
      "p": 0.9404582247,
      "r": 0.9277304101,
      "f": 0.9340509606
    },
    "amod": {
      "p": 0.9876420455,
      "r": 0.9831730769,
      "f": 0.9854024943
    },
    "nsubj": {
      "p": 0.9687053217,
      "r": 0.9628927838,
      "f": 0.9657903073
    },
    "root": {
      "p": 0.9874285714,
      "r": 0.9863013699,
      "f": 0.9868646488
    },
    "xcomp": {
      "p": 0.9505988024,
      "r": 0.9650455927,
      "f": 0.9577677225
    },
    "conj": {
      "p": 0.8858108108,
      "r": 0.8997940975,
      "f": 0.8927477017
    },
    "cc": {
      "p": 0.9704918033,
      "r": 0.9691300281,
      "f": 0.9698104376
    },
    "fixed": {
      "p": 0.9885204082,
      "r": 0.9860050891,
      "f": 0.9872611465
    },
    "mark": {
      "p": 0.962914769,
      "r": 0.9660574413,
      "f": 0.9644835451
    },
    "ccomp": {
      "p": 0.9699792961,
      "r": 0.980125523,
      "f": 0.9750260146
    },
    "nummod:gov": {
      "p": 0.9662447257,
      "r": 0.9541666667,
      "f": 0.9601677149
    },
    "nummod": {
      "p": 0.9704861111,
      "r": 0.9490662139,
      "f": 0.9596566524
    },
    "obj": {
      "p": 0.9664650907,
      "r": 0.9606557377,
      "f": 0.963551658
    },
    "det": {
      "p": 0.9667149059,
      "r": 0.9653179191,
      "f": 0.9660159074
    },
    "appos": {
      "p": 0.8812677389,
      "r": 0.800257732,
      "f": 0.8388113462
    },
    "aux": {
      "p": 0.9523809524,
      "r": 0.9523809524,
      "f": 0.9523809524
    },
    "flat": {
      "p": 0.9952941176,
      "r": 0.9635535308,
      "f": 0.9791666667
    },
    "flat:name": {
      "p": 0.9768421053,
      "r": 0.958677686,
      "f": 0.9676746611
    },
    "iobj": {
      "p": 0.9230769231,
      "r": 0.8291457286,
      "f": 0.8735936466
    },
    "acl": {
      "p": 0.9028497409,
      "r": 0.8701622971,
      "f": 0.8862047044
    },
    "obl:agent": {
      "p": 0.7195121951,
      "r": 0.7763157895,
      "f": 0.746835443
    },
    "advcl": {
      "p": 0.8761682243,
      "r": 0.8561643836,
      "f": 0.8660508083
    },
    "cop": {
      "p": 0.8874172185,
      "r": 0.9305555556,
      "f": 0.9084745763
    },
    "flat:foreign": {
      "p": 0.9704301075,
      "r": 0.8204545455,
      "f": 0.8891625616
    },
    "aux:pass": {
      "p": 0.9883381924,
      "r": 0.9713467049,
      "f": 0.9797687861
    },
    "nsubj:pass": {
      "p": 0.9558173785,
      "r": 0.9474452555,
      "f": 0.9516129032
    },
    "acl:relcl": {
      "p": 0.8046218487,
      "r": 0.7864476386,
      "f": 0.795430945
    },
    "orphan": {
      "p": 0.7586206897,
      "r": 0.6111111111,
      "f": 0.6769230769
    },
    "discourse": {
      "p": 0.8714285714,
      "r": 0.9384615385,
      "f": 0.9037037037
    },
    "csubj": {
      "p": 0.9370629371,
      "r": 0.9436619718,
      "f": 0.9403508772
    },
    "expl": {
      "p": 0.8235294118,
      "r": 0.7368421053,
      "f": 0.7777777778
    },
    "compound": {
      "p": 1.0,
      "r": 0.4,
      "f": 0.5714285714
    },
    "csubj:pass": {
      "p": 0.9,
      "r": 0.8181818182,
      "f": 0.8571428571
    },
    "nummod:entity": {
      "p": 1.0,
      "r": 0.75,
      "f": 0.8571428571
    },
    "list": {
      "p": 0.0,
      "r": 0.0,
      "f": 0.0
    }
  },
  "ents_per_type": {
    "PER": {
      "p": 0.956302521,
      "r": 0.9584503088,
      "f": 0.9573752103
    },
    "LOC": {
      "p": 0.9739583333,
      "r": 0.9716580066,
      "f": 0.9728068101
    },
    "ORG": {
      "p": 0.9064015519,
      "r": 0.9148311307,
      "f": 0.9105968331
    }
  }
}